val_loss,epoch,step
0.04734652116894722,0,4799
0.04531792551279068,1,9599
0.044052258133888245,2,14399
