val_loss,epoch,step
0.046576883643865585,0,4799
0.04448337480425835,1,9599
0.04355784133076668,2,14399
